bot_code,bot_type,sov_code,sov_name,wgsrpd_code,wgsrpd_name,wgsrpd_area,sov_intersection_area,bot_area_total,sov_area_total,proportion_total_sov,proportion_total_bot,bot_name
AFG,entire_sov,AFG,Afghanistan,AFG,Afghanistan,641916.437298876,639142.452828032,639142.452828032,639142.452828032,1,1,Afghanistan
AGO,entire_sov,AGO,Angola,ANG,Angola,1240511.68175839,1236317.02661243,1242873.3650557296,1242873.3650557296,0.994724854013582,0.994724854013582,Angola and Cabinda
AGO,entire_sov,AGO,Angola,CAB,Cabinda,6981.7195755713,6556.3384432995,1242873.3650557296,1242873.3650557296,0.005275145986417947,0.005275145986417947,Angola and Cabinda
ALB,entire_sov,ALB,Albania,ALB,Albania,28677.1537640255,27956.3832198295,27956.3832198295,27956.3832198295,1,1,Albania
AND,multi_sov,IND,India,AND,Andaman Is.,5935.7757951953,5154.6010070488,5181.5105888037,3140876.654877194,0.0016411344899662547,0.9948066145395811,Andaman Islands
AND,multi_sov,MMR,Myanmar,AND,Andaman Is.,5935.7757951953,26.9095817549,5181.5105888037,658748.2432164489,4.084956890891951e-5,0.0051933854604189564,Andaman Islands
ARG,entire_sov,ARG,Argentina,AGS,Argentina South,785017.053217043,782050.761377509,2775183.5905168457,2775183.5905168457,0.28180145055983885,0.28180145055983885,Argentina
ARG,entire_sov,ARG,Argentina,AGW,Argentina Northwest,873303.57433815894,872805.282585267,2775183.5905168457,2775183.5905168457,0.3145036189921825,0.3145036189921825,Argentina
ARG,entire_sov,ARG,Argentina,AGE,Argentina Northeast,1122736.92235702,1120327.54655407,2775183.5905168457,2775183.5905168457,0.4036949304479788,0.4036949304479788,Argentina
ATA,entire_sov,ATA,Antarctica,ANT,Antarctica,12403203.5135241,12185726.7555364,12185726.7555364,12185726.7555364,1,1,Antarctica
AUS,entire_sov,AUS,Australia,HMD,Heard-McDonald Is.,402.6297698972,375.4662818107,7677872.219121213,7677872.219121213,4.890238741869486e-5,4.890238741869486e-5,Australia and territories
AUS,entire_sov,AUS,Australia,NTA,Northern Territory,1348777.65650292,1345796.65120611,7677872.219121213,7677872.219121213,0.17528250181795105,0.17528250181795105,Australia and territories
AUS,entire_sov,AUS,Australia,XMS,Christmas I.,123.9823586898,25.7038424463,7677872.219121213,7677872.219121213,3.3477820042753966e-6,3.3477820042753966e-6,Australia and territories
AUS,entire_sov,AUS,Australia,NSW,New South Wales,804762.569071201,804019.866405718,7677872.219121213,7677872.219121213,0.10471909970100333,0.10471909970100333,Australia and territories
AUS,entire_sov,AUS,Australia,VIC,Victoria,227725.301063263,227247.704121622,7677872.219121213,7677872.219121213,0.02959774500488263,0.02959774500488263,Australia and territories
AUS,entire_sov,AUS,Australia,NFK,Norfolk Is.,63.2115300499,50.4714238105,7677872.219121213,7677872.219121213,6.573621228652958e-6,6.573621228652958e-6,Australia and territories
AUS,entire_sov,AUS,Australia,MAQ,Macquarie Is.,128.2713113214,114.4124230785,7677872.219121213,7677872.219121213,1.4901579475829739e-5,1.4901579475829739e-5,Australia and territories
AUS,entire_sov,AUS,Australia,CKI,Cocos (Keeling) I.,28.7373874749,10.7955682263,7677872.219121213,7677872.219121213,1.4060625025009377e-6,1.4060625025009377e-6,Australia and territories
AUS,entire_sov,AUS,Australia,TAS,Tasmania,68502.9540794673,67143.9101031865,7677872.219121213,7677872.219121213,0.00874511950537145,0.00874511950537145,Australia and territories
AUS,entire_sov,AUS,Australia,QLD,Queensland,1728814.43757965,1726880.82467855,7677872.219121213,7677872.219121213,0.22491658826749839,0.22491658826749839,Australia and territories
AUS,entire_sov,AUS,Australia,SOA,South Australia,983595.975437801,982309.173125974,7677872.219121213,7677872.219121213,0.1279402867215738,0.1279402867215738,Australia and territories
AUS,entire_sov,AUS,Australia,WAU,Western Australia,2527728.16273627,2523897.23994068,7677872.219121213,7677872.219121213,0.3287235275490894,0.3287235275490894,Australia and territories
AUT,multi_sov,LIE,Liechtenstein,AUT,Austria,84132.0356105187,122.8022956516,82990.15370171721,122.8022956516,1,0.0014797212702241207,Austria and Liechtenstein
AUT,multi_sov,AUT,Austria,AUT,Austria,84132.0356105187,82867.3514060656,82990.15370171721,82867.3514060656,1,0.9985202787297758,Austria and Liechtenstein
BDI,entire_sov,BDI,Burundi,BUR,Burundi,27181.5731297897,26472.3688126022,26472.3688126022,26472.3688126022,1,1,Burundi
BEN,entire_sov,BEN,Benin,BEN,Benin,116173.111897806,114800.012203789,114800.012203789,114800.012203789,1,1,Benin
BFA,entire_sov,BFA,Burkina Faso,BKN,Burkina,272333.439501483,270596.885384723,270596.885384723,270596.885384723,1,1,Burkina Faso
BGD,entire_sov,BGD,Bangladesh,BAN,Bangladesh,138820.401175147,134480.923184719,134480.923184719,134480.923184719,1,1,Bangladesh
BGM,multi_sov,LUX,Luxembourg,BGM,Belgium,33223.9299971224,2576.3133026582,32643.3103015782,2576.3133026582,1,0.07892316308783315,Belgium and Luxembourg
BGM,multi_sov,BEL,Belgium,BGM,Belgium,33223.9299971224,30066.99699892,32643.3103015782,30066.99699892,1,0.9210768369121669,Belgium and Luxembourg
BGR,entire_sov,BGR,Bulgaria,BUL,Bulgaria,111006.438728632,110526.768181381,110526.768181381,110526.768181381,1,1,Bulgaria
BHS,entire_sov,BHS,The Bahamas,BAH,Bahamas,12812.9587669856,11465.9256734988,11465.9256734988,11465.9256734988,1,1,Bahamas
BLR,entire_sov,BLR,Belarus,BLR,Belarus,207723.487555124,206185.665270533,206185.665270533,206185.665270533,1,1,Belarus
BLT,multi_sov,LVA,Latvia,BLT,Baltic States,189207.326579812,64350.2207332274,187590.1948606328,64350.2207332274,1,0.3430361633828217,"Baltic States of Estonia, Latvia, Lithuania and Kaliningrad"
BLT,multi_sov,EST,Estonia,BLT,Baltic States,189207.326579812,45385.2451304073,187590.1948606328,45385.2451304073,1,0.24193825889527731,"Baltic States of Estonia, Latvia, Lithuania and Kaliningrad"
BLT,multi_sov,RUS,Russia,BLT,Baltic States,189207.326579812,13321.1822297532,187590.1948606328,16938133.396226928,7.864610531831432e-4,0.07101214559561583,"Baltic States of Estonia, Latvia, Lithuania and Kaliningrad"
BLT,multi_sov,LTU,Lithuania,BLT,Baltic States,189207.326579812,64533.5467672449,187590.1948606328,64533.5467672449,1,0.34401343212628516,"Baltic States of Estonia, Latvia, Lithuania and Kaliningrad"
BLZ,entire_sov,BLZ,Belize,BLZ,Belize,22141.8016178841,21767.0307838349,21767.0307838349,21767.0307838349,1,1,Belize
BOL,entire_sov,BOL,Bolivia,BOL,Bolivia,1086530.69366452,1083564.03323564,1083564.03323564,1083564.03323564,1,1,Bolivia
BOR,multi_sov,BRN,Brunei,BOR,Borneo,740169.771543433,5651.5120964187,736262.6778161556,5651.5120964187,1,0.007675945374797172,Borneo
BOR,multi_sov,IDN,Indonesia,BOR,Borneo,740169.771543433,535184.923023094,736262.6778161556,1862879.7597521588,0.28728903205985556,0.7268940001284832,Borneo
BOR,multi_sov,MYS,Malaysia,BOR,Borneo,740169.771543433,195426.242696643,736262.6778161556,325768.427252632,0.5998931337354273,0.26543005449671975,Borneo
BRA,entire_sov,BRA,Brazil,BZL,Brazil Southeast,924174.623509286,923407.437697178,8457001.678525038,8457001.678525038,0.10918851299769718,0.10918851299769718,Brazil
BRA,entire_sov,BRA,Brazil,BZE,Brazil Northeast,1544350.16917929,1541780.28664049,8457001.678525038,8457001.678525038,0.18230814480687055,0.18230814480687055,Brazil
BRA,entire_sov,BRA,Brazil,BZS,Brazil South,564663.881097247,563555.028677549,8457001.678525038,8457001.678525038,0.06663768674760828,0.06663768674760828,Brazil
BRA,entire_sov,BRA,Brazil,BZN,Brazil North,3832666.38781855,3820727.18664353,8457001.678525038,8457001.678525038,0.4517827158939257,0.4517827158939257,Brazil
BRA,entire_sov,BRA,Brazil,BZC,Brazil West-Central,1608039.74819337,1607531.73886629,8457001.678525038,8457001.678525038,0.19008293955389816,0.19008293955389816,Brazil
BWA,entire_sov,BWA,Botswana,BOT,Botswana,578325.042424374,576665.696829399,576665.696829399,576665.696829399,1,1,Botswana
CAF,entire_sov,CAF,Central African Republic,CAF,Central African Republic,618575.135931431,615603.495772335,615603.495772335,615603.495772335,1,1,Central African Republic
CAN,incomplete_sov,CAN,Canada,NSC,Nova Scotia,55340.0892934212,53832.4518591876,9762033.352217657,9870995.237530636,0.005453599213026722,0.005514471208701453,Canada excluding Newfoundland
CAN,incomplete_sov,CAN,Canada,QUE,Québec,1513234.85614838,1508224.64291176,9762033.352217657,9870995.237530636,0.152793574165381,0.1544990258171095,Canada excluding Newfoundland
CAN,incomplete_sov,CAN,Canada,MAN,Manitoba,650447.772536687,650190.866259679,9762033.352217657,9870995.237530636,0.06586882584924973,0.06660404065429401,Canada excluding Newfoundland
CAN,incomplete_sov,CAN,Canada,YUK,Yukon,485343.878092402,485311.3372885,9762033.352217657,9870995.237530636,0.04916539068353428,0.04971416504925698,Canada excluding Newfoundland
CAN,incomplete_sov,CAN,Canada,NWT,Northwest Territories,1347864.58026666,1341973.20502595,9762033.352217657,9870995.237530636,0.13595115515035572,0.13746861505252814,Canada excluding Newfoundland
CAN,incomplete_sov,CAN,Canada,ONT,Ontario,1076067.20599945,1075217.00057939,9762033.352217657,9870995.237530636,0.10892690906093175,0.11014272967374478,Canada excluding Newfoundland
CAN,incomplete_sov,CAN,Canada,BRC,British Columbia,946772.398971216,941125.288953502,9762033.352217657,9870995.237530636,0.09534249245458427,0.09640668649628255,Canada excluding Newfoundland
CAN,incomplete_sov,CAN,Canada,PEI,Prince Edward I.,5995.1791141631,5581.707572123,9762033.352217657,9870995.237530636,5.654655318747111e-4,5.717771462904288e-4,Canada excluding Newfoundland
CAN,incomplete_sov,CAN,Canada,LAB,Labrador,287351.012221511,284510.842809089,9762033.352217657,9870995.237530636,0.02882291359308398,0.029144629253336468,Canada excluding Newfoundland
CAN,incomplete_sov,CAN,Canada,NBR,New Brunswick,72841.2428800994,72130.0047238639,9762033.352217657,9870995.237530636,0.007307267705855788,0.007388829982585339,Canada excluding Newfoundland
CAN,incomplete_sov,CAN,Canada,ABT,Alberta,663491.480261869,663491.480261869,9762033.352217657,9870995.237530636,0.06721626991969358,0.06796652462892298,Canada excluding Newfoundland
CAN,incomplete_sov,CAN,Canada,NUN,Nunavut,2074433.13776987,2028472.03360959,9762033.352217657,9870995.237530636,0.20549822837489687,0.20779195895174632,Canada excluding Newfoundland
CAN,incomplete_sov,CAN,Canada,SAS,Saskatchewan,651972.490363155,651972.490363155,9762033.352217657,9870995.237530636,0.06604931667723657,0.06678654608520113,Canada excluding Newfoundland
CHE,entire_sov,CHE,Switzerland,SWI,Switzerland,41507.4108961675,40724.1550095271,40724.1550095271,40724.1550095271,1,1,Switzerland
CHL,entire_sov,CHL,Chile,CLN,Chile North,259595.628864861,257775.582789818,727075.2398057786,727075.2398057786,0.3545376993702561,0.3545376993702561,Chile and territories
CHL,entire_sov,CHL,Chile,EAS,Easter Is.,188.9820654983,168.4245559299,727075.2398057786,727075.2398057786,2.3164666695965435e-4,2.3164666695965435e-4,Chile and territories
CHL,entire_sov,CHL,Chile,JNF,Juan Fernández Is.,151.6567497076,136.0943855634,727075.2398057786,727075.2398057786,1.8718060815790466e-4,1.8718060815790466e-4,Chile and territories
CHL,entire_sov,CHL,Chile,CLS,Chile South,299465.40391559,284199.236631045,727075.2398057786,727075.2398057786,0.3908800920066571,0.3908800920066571,Chile and territories
CHL,entire_sov,CHL,Chile,DSV,Desventurados Is.,6.0027733532,0.0567920253,727075.2398057786,727075.2398057786,7.811024525490744e-8,7.811024525490744e-8,Chile and territories
CHL,entire_sov,CHL,Chile,CLC,Chile Central,186455.054086754,184795.844651397,727075.2398057786,727075.2398057786,0.254163303237724,0.254163303237724,Chile and territories
CHN,incomplete_sov,CHN,China,CHM,Manchuria,790256.679303123,787447.320484192,9350490.634794837,9350491.643847141,0.0842145365695666,0.08421454565752524,China
CHN,incomplete_sov,CHN,China,CHI,Inner Mongolia,1202879.48945125,1199618.6393263,9350490.634794837,9350491.643847141,0.1282947127294295,0.12829472657427257,China
CHN,incomplete_sov,CHN,China,CHS,China Southeast,1425192.55320414,1419780.01954346,9350490.634794837,9350491.643847141,0.15184014633901213,0.15184016272474585,China
CHN,incomplete_sov,CHN,China,CHH,Hainan,34026.0852563786,33487.948206702,9350490.634794837,9350491.643847141,0.003581410420139556,0.0035814108066252047,China
CHN,incomplete_sov,CHN,China,CHQ,Qinghai,734153.812865092,734153.812865092,9350490.634794837,9350491.643847141,0.07851499587705461,0.07851500434995091,China
CHN,incomplete_sov,CHN,China,CHT,Tibet,1133792.76229142,1130907.30430052,9350490.634794837,9350491.643847141,0.12094629324060041,0.12094630629244342,China
CHN,incomplete_sov,CHN,China,CHN,China North-Central,1110307.61493522,1109786.28857754,9350490.634794837,9350491.643847141,0.1186874798511592,0.1186874926592438,China
CHN,incomplete_sov,CHN,China,CHC,China South-Central,1307943.57635642,1306663.49696378,9350490.634794837,9350491.643847141,0.13974275864131672,0.13974277372156846,China
CHN,incomplete_sov,CHN,China,CHX,Xinjiang,1631779.30458352,1628645.80452725,9350490.634794837,9350491.643847141,0.174177558417363,0.17417757721362445,China
CIV,entire_sov,CIV,Ivory Coast,IVO,Ivory Coast,321361.756956089,318732.656646389,318732.656646389,318732.656646389,1,1,Cote d'Ivoire
CMR,entire_sov,CMR,Cameroon,CMN,Cameroon,464799.927408418,461787.413832645,461787.413832645,461787.413832645,1,1,Cameroon
COD,entire_sov,COD,Democratic Republic of the Congo,ZAI,Zaïre,2326815.93111516,2320975.81870493,2320975.81870493,2320975.81870493,1,1,Democratic Republic of the Congo
COG,entire_sov,COG,Republic of the Congo,CON,Congo,344043.614800305,342033.326342694,342033.326342694,342033.326342694,1,1,Republic of the Congo
COL,incomplete_sov,COL,Colombia,CLM,Colombia,1135625.49688644,1129707.51530137,1129707.51530137,1129744.844057294,0.9999669582418363,1,Colombia
COM,multi_sov,COM,Comoros,COM,Comoros,2173.5296488622,1618.5526779897,1993.1175558689001,1618.5526779897,1,0.8120708551403489,Comoros and Mayotte
COM,multi_sov,FRA,France,COM,Comoros,2173.5296488622,374.5648778792,1993.1175558689001,661251.5888740879,5.664483597188343e-4,0.18792914485965098,Comoros and Mayotte
CPI,multi_sov,FRA,France,CPI,C. American Pacific Is.,31.8204625796,4.9420387327,11.0129940961,661251.5888740879,7.473764624316143e-6,0.4487461529149562,Central American Pacific Islands
CPI,multi_sov,CRI,Costa Rica,CPI,C. American Pacific Is.,31.8204625796,6.0365448468,11.0129940961,50346.3944231655,1.1990024143660328e-4,0.5481293092618387,Central American Pacific Islands
CPI,multi_sov,COL,Colombia,CPI,C. American Pacific Is.,31.8204625796,0.0344105166,11.0129940961,1129744.844057294,3.0458662220064003e-8,0.003124537823205199,Central American Pacific Islands
CPV,entire_sov,CPV,Cabo Verde,CVI,Cape Verde,3525.2399418522,3253.6835637797,3253.6835637797,3253.6835637797,1,1,Cape Verde
CRI,incomplete_sov,CRI,Costa Rica,COS,Costa Rica,51064.2262524096,50340.3578783187,50340.3578783187,50346.3944231655,0.9998800997585634,1,Costa Rica
CRL,multi_sov,PLW,Palau,CRL,Caroline Is.,1281.4027129149,402.6832775124,1010.5053007805,402.6832775124,1,0.3984969472217248,Caroline Islands
CRL,multi_sov,FSM,Federated States of Micronesia,CRL,Caroline Is.,1281.4027129149,607.8220232681,1010.5053007805,607.8220232681,1,0.6015030527782753,Caroline Islands
CUB,entire_sov,CUB,Cuba,CUB,Cuba,109977.74157761,107888.467617246,107888.467617246,107888.467617246,1,1,Cuba
CYP,multi_sov,GBR,United Kingdom,CYP,Cyprus,9258.8229489954,221.9105961754,9081.653471694799,257426.5924996443,8.620344697904768e-4,0.024435043339523888,Cyprus
CYP,multi_sov,CNM,Cyprus No Mans Area,CYP,Cyprus,9258.8229489954,340.6051645913,9081.653471694799,340.6051645913,1,0.03750475237277877,Cyprus
CYP,multi_sov,CYN,Northern Cyprus,CYP,Cyprus,9258.8229489954,3140.1804684501,9081.653471694799,3140.1804684501,1,0.34577188815200255,Cyprus
CYP,multi_sov,CYP,Cyprus,CYP,Cyprus,9258.8229489954,5378.957242478,9081.653471694799,5378.957242478,1,0.5922883161356949,Cyprus
CZE,multi_sov,SVK,Slovakia,CZE,Czechoslovakia,127687.849004867,48150.123397116,125910.55784689481,48150.123397116,1,0.38241529717996936,Czech Republic and Slovakia
CZE,multi_sov,CZE,Czechia,CZE,Czechoslovakia,127687.849004867,77760.4344497788,125910.55784689481,77760.4344497788,1,0.6175847028200305,Czech Republic and Slovakia
DEU,entire_sov,DEU,Germany,GER,Germany,357575.1666087,355231.272066188,355231.272066188,355231.272066188,1,1,Germany
DJI,entire_sov,DJI,Djibouti,DJI,Djibouti,21434.294101434,21204.1417356946,21204.1417356946,21204.1417356946,1,1,Djibouti
DNK,entire_sov,DNK,Denmark,DEN,Denmark,42958.6588698256,41491.5199873826,2179203.749142053,2179203.749142053,0.019039761657769588,0.019039761657769588,"Denmark, Faroe Islands and Greenland"
DNK,entire_sov,DNK,Denmark,GNL,Greenland,2161180.52556474,2136476.03075681,2179203.749142053,2179203.749142053,0.9803929676598323,0.9803929676598323,"Denmark, Faroe Islands and Greenland"
DNK,entire_sov,DNK,Denmark,FOR,Føroyar,1599.5598501851,1236.1983978604,2179203.749142053,2179203.749142053,5.672706823981412e-4,5.672706823981412e-4,"Denmark, Faroe Islands and Greenland"
DOM,entire_sov,DOM,Dominican Republic,DOM,Dominican Republic,48417.0379655738,47879.1307627134,47879.1307627134,47879.1307627134,1,1,Dominican Republic
DZA,entire_sov,DZA,Algeria,ALG,Algeria,2317476.74795705,2303749.74622738,2303749.74622738,2303749.74622738,1,1,Algeria
ECU,entire_sov,ECU,Ecuador,GAL,Galápagos,7940.4651404049,7494.6913463171,253606.9473567341,253606.9473567341,0.02955238972919285,0.02955238972919285,Ecuador
ECU,entire_sov,ECU,Ecuador,ECU,Ecuador,247904.937750513,246112.256010417,253606.9473567341,253606.9473567341,0.9704476102708072,0.9704476102708072,Ecuador
EGY,incomplete_sov,EGY,Egypt,EGY,Egypt,926261.577161785,923731.806015222,979616.0000962374,997651.088155911,0.9259066791804701,0.9429529590415782,Egypt
EGY,incomplete_sov,EGY,Egypt,SIN,Sinai,56690.1290993835,55884.1940810154,979616.0000962374,997651.088155911,0.05601577018706356,0.05704704095842181,Egypt
EHM,multi_sov,IND,India,EHM,East Himalaya,132214.55745474,90701.2839640604,130186.84316786061,3140876.654877194,0.028877696875876446,0.6967008474666813,Bhutan and East Himalayan India
EHM,multi_sov,BTN,Bhutan,EHM,East Himalaya,132214.55745474,39485.5592038002,130186.84316786061,39485.5592038002,1,0.30329915253331874,Bhutan and East Himalayan India
ERI,entire_sov,ERI,Eritrea,ERI,Eritrea,121034.945755214,120116.39143255,120116.39143255,120116.39143255,1,1,Eritrea
ESP,incomplete_sov,ESP,Spain,CNY,Canary Is.,7521.1016483663,7073.2809309642,11905.1412319621,503731.6569652203,0.014041763770770056,0.594136666936327,Balearic Islands and Canary Islands
ESP,incomplete_sov,ESP,Spain,BAL,Baleares,5101.6963032611,4831.8603009979,11905.1412319621,503731.6569652203,0.00959213151325034,0.405863333063673,Balearic Islands and Canary Islands
ETH,entire_sov,ETH,Ethiopia,ETH,Ethiopia,1127529.10430089,1124054.24779245,1124054.24779245,1124054.24779245,1,1,Ethiopia
FIN,entire_sov,FIN,Finland,FIN,Finland,335928.427360082,332402.2235788,332402.2235788,332402.2235788,1,1,Finland
FJI,entire_sov,FJI,Fiji,FIJ,Fiji,19318.6301926732,18277.1542473962,18277.1542473962,18277.1542473962,1,1,Fiji
FRA,multi_sov,FRA,France,FRA,France,539596.506040972,536654.742721043,536842.149754738,661251.5888740879,0.8115742203883459,0.999650908495578,"France, Jersey, Channel Islands and Monaco"
FRA,multi_sov,MCO,Monaco,FRA,France,539596.506040972,14.4997050583,536842.149754738,14.4997050583,1,2.7009252281931187e-5,"France, Jersey, Channel Islands and Monaco"
FRA,multi_sov,GBR,United Kingdom,FRA,France,539596.506040972,172.9073286367,536842.149754738,257426.5924996443,6.716762513062394e-4,3.220822521400276e-4,"France, Jersey, Channel Islands and Monaco"
FRT,incomplete_sov,FRA,France,SCI,Society Is.,1529.7304866837,1182.7827769639,121284.1149226949,661251.5888740879,0.0017887031152209742,0.009752165629586298,French island territories and French Guiana
FRT,incomplete_sov,FRA,France,FRG,French Guiana,83625.6979605081,82719.5124790224,121284.1149226949,661251.5888740879,0.12509537046235125,0.6820308869941202,French island territories and French Guiana
FRT,incomplete_sov,FRA,France,NWC,New Caledonia,19230.9899213621,18221.8539170752,121284.1149226949,661251.5888740879,0.02755661267763685,0.1502410594222467,French island territories and French Guiana
FRT,incomplete_sov,FRA,France,ASP,Amsterdam-St.Paul Is.,71.9947224905,59.0388729858,121284.1149226949,661251.5888740879,8.928352533159943e-5,4.8678157913285424e-4,French island territories and French Guiana
FRT,incomplete_sov,FRA,France,MCI,Mozambique Channel Is.,14.9702965218,5.4561432344,121284.1149226949,661251.5888740879,8.251236482758653e-6,4.498646205958367e-5,French island territories and French Guiana
FRT,incomplete_sov,FRA,France,CRZ,Crozet Is.,353.5797652487,203.6106359985,121284.1149226949,661251.5888740879,3.07917046135477e-4,0.0016787906324606406,French island territories and French Guiana
FRT,incomplete_sov,FRA,France,KEG,Kerguelen,7463.9483991316,6655.0049423803,121284.1149226949,661251.5888740879,0.010064255503282445,0.05487120012890496,French island territories and French Guiana
FRT,incomplete_sov,FRA,France,TUA,Tuamotu,288.2262180762,96.9621602738,121284.1149226949,661251.5888740879,1.4663429457900784e-4,7.994629827294576e-4,French island territories and French Guiana
FRT,incomplete_sov,FRA,France,TUB,Tubuai Is.,98.8649706723,39.0639111138,121284.1149226949,661251.5888740879,5.9075716067940294e-5,3.220859643383545e-4,French island territories and French Guiana
FRT,incomplete_sov,FRA,France,REU,Réunion,2645.0445355871,2556.2305009466,121284.1149226949,661251.5888740879,0.0038657457221374543,0.021076383354703226,French island territories and French Guiana
FRT,incomplete_sov,FRA,France,WAL,Wallis-Futuna Is.,166.3432499443,134.331607962,121284.1149226949,661251.5888740879,2.0314750122676638e-4,0.001107577921870654,French island territories and French Guiana
FRT,incomplete_sov,FRA,France,COR,Corse,8783.0241182215,8543.9013387394,121284.1149226949,661251.5888740879,0.012920802736046486,0.07044534516482381,French island territories and French Guiana
FRT,incomplete_sov,FRA,France,MRQ,Marquesas,1086.5332988698,866.3656359988,121284.1149226949,661251.5888740879,0.001310190630277289,0.00714327376302339,French island territories and French Guiana
GAB,entire_sov,GAB,Gabon,GAB,Gabon,260692.220557408,258179.176641371,258179.176641371,258179.176641371,1,1,Gabon
GBR,incomplete_sov,GBR,United Kingdom,SSA,South Sandwich Is.,279.0789768412,249.8051066661,242611.6553204906,257426.5924996443,9.703935566270029e-4,0.0010296500649818608,Great Britain and island territories
GBR,incomplete_sov,GBR,United Kingdom,GRB,Great Britain,231139.521721431,227141.999741351,242611.6553204906,257426.5924996443,0.8823563934703632,0.9362369645485328,Great Britain and island territories
GBR,incomplete_sov,GBR,United Kingdom,SGE,South Georgia,3614.6025633328,3374.4929811111,242611.6553204906,257426.5924996443,0.013108564070030033,0.013909030778646584,Great Britain and island territories
GBR,incomplete_sov,GBR,United Kingdom,PIT,Pitcairn Is.,53.6399783199,39.4619395185,242611.6553204906,257426.5924996443,1.5329395123992302e-4,1.6265475566856294e-4,Great Britain and island territories
GBR,incomplete_sov,GBR,United Kingdom,CAY,Cayman Is.,306.3883414251,255.3563365041,242611.6553204906,257426.5924996443,9.919578782617527e-4,0.0010525311991576565,Great Britain and island territories
GBR,incomplete_sov,GBR,United Kingdom,FAL,Falkland Is.,11751.5387840784,10801.8129969063,242611.6553204906,257426.5924996443,0.04196075041051256,0.0445230588062106,Great Britain and island territories
GBR,incomplete_sov,GBR,United Kingdom,TCI,Turks-Caicos Is.,420.1356905043,324.0831729785,242611.6553204906,257426.5924996443,0.00125893432310785,0.001335810402638675,Great Britain and island territories
GBR,incomplete_sov,GBR,United Kingdom,CGS,Chagos Archipelago,104.4548306215,38.1127531131,242611.6553204906,257426.5924996443,1.4805289827682686e-4,1.5709366090739936e-4,Great Britain and island territories
GBR,incomplete_sov,GBR,United Kingdom,STH,St.Helena,133.0307500215,121.0752675326,242611.6553204906,257426.5924996443,4.703292940987334e-4,4.990496741496581e-4,Great Britain and island territories
GBR,incomplete_sov,GBR,United Kingdom,ASC,Ascension,98.4152837747,87.6958132715,242611.6553204906,257426.5924996443,3.406633806552879e-4,3.6146578842493623e-4,Great Britain and island territories
GBR,incomplete_sov,GBR,United Kingdom,TDC,Tristan da Cunha,170.9524693973,150.6349315663,242611.6553204906,257426.5924996443,5.851568406496626e-4,6.208890968874141e-4,Great Britain and island territories
GBR,incomplete_sov,GBR,United Kingdom,BER,Bermuda,40.2515246582,27.1242799715,242611.6553204906,257426.5924996443,1.0536704739055845e-4,1.1180122379392184e-4,Great Britain and island territories
GGI,multi_sov,STP,São Tomé and Principe,GGI,Gulf of Guinea Is.,3193.1155097684,1028.9150937806,2997.681047954,1028.9150937806,1,0.34323701465266393,Gulf of Guinea islands
GGI,multi_sov,GNQ,Equatorial Guinea,GGI,Gulf of Guinea Is.,3193.1155097684,1968.7659541734,2997.681047954,26494.0651617695,0.07430969698882967,0.656762985347336,Gulf of Guinea islands
GHA,entire_sov,GHA,Ghana,GHA,Ghana,239033.062632924,237222.404342488,237222.404342488,237222.404342488,1,1,Ghana
GIN,entire_sov,GIN,Guinea,GUI,Guinea,245061.582747953,242326.374372703,242326.374372703,242326.374372703,1,1,Guinea
GMB,entire_sov,GMB,Gambia,GAM,"Gambia, The",10714.8146047847,10163.0883869807,10163.0883869807,10163.0883869807,1,1,The Gambia
GNB,entire_sov,GNB,Guinea-Bissau,GNB,Guinea-Bissau,33969.4887249658,32483.47010034,32483.47010034,32483.47010034,1,1,Guinea-Bissau
GNQ,incomplete_sov,GNQ,Equatorial Guinea,EQG,Equatorial Guinea,24894.0779662316,24525.2992075961,24525.2992075961,26494.0651617695,0.9256903030111704,1,Equatorial Guinea
GRC,entire_sov,GRC,Greece,GRC,Greece,117547.598887368,114520.797669449,127954.75484263721,127954.75484263721,0.8950100979857317,0.8950100979857317,Greece
GRC,entire_sov,GRC,Greece,KRI,Kriti,8611.4015931065,8339.7186457503,127954.75484263721,127954.75484263721,0.06517709057398256,0.06517709057398256,Greece
GRC,entire_sov,GRC,Greece,EAI,East Aegean Is.,5596.5679903725,5094.2385274379,127954.75484263721,127954.75484263721,0.039812811440285714,0.039812811440285714,Greece
GST,multi_sov,ARE,United Arab Emirates,GST,Gulf States,82271.6548870585,69406.8125490281,81703.15874098729,69406.8125490281,1,0.8494997454022473,"Bahrain, Qatar and United Arab Emirates"
GST,multi_sov,QAT,Qatar,GST,Gulf States,82271.6548870585,10945.0899523702,81703.15874098729,10945.0899523702,1,0.13396164996592078,"Bahrain, Qatar and United Arab Emirates"
GST,multi_sov,BHR,Bahrain,GST,Gulf States,82271.6548870585,602.3999523998,81703.15874098729,602.3999523998,1,0.007373031369686805,"Bahrain, Qatar and United Arab Emirates"
GST,multi_sov,OMN,Oman,GST,Gulf States,82271.6548870585,748.8562871892,81703.15874098729,308918.2449553532,0.0024241245035476274,0.009165573262145224,"Bahrain, Qatar and United Arab Emirates"
GTM,entire_sov,GTM,Guatemala,GUA,Guatemala,108994.909015507,108217.801840257,108217.801840257,108217.801840257,1,1,Guatemala
GUY,entire_sov,GUY,Guyana,GUY,Guyana,210679.842959757,209617.070320816,209617.070320816,209617.070320816,1,1,Guyana
HAI,multi_sov,HTI,Haiti,HAI,Haiti,27260.8263104847,26526.4788706903,26529.2117338799,26526.4788706903,1,0.9998969866418567,Haiti
HAI,multi_sov,USA,United States of America,HAI,Haiti,27260.8263104847,2.7328631896,26529.2117338799,9449399.34709206,2.8921025445294637e-7,1.0301335814323944e-4,Haiti
HND,incomplete_sov,HND,Honduras,HON,Honduras,112160.619026807,110921.294639987,110921.294639987,111090.6880027717,0.998475179460762,1,Honduras
HUN,entire_sov,HUN,Hungary,HUN,Hungary,92988.5774422239,92243.9692501202,92243.9692501202,92243.9692501202,1,1,Hungary
IDN,incomplete_sov,IDN,Indonesia,MOL,Maluku,59736.0430679624,57456.1530829663,836054.5336018882,1862879.7597521588,0.030842652501957713,0.0687229729326792,"Java, Malaku, Sumatra and Sulawesi"
IDN,incomplete_sov,IDN,Indonesia,SUL,Sulawesi,186001.804715157,182321.129623363,836054.5336018882,1862879.7597521588,0.09787058379313722,0.21807325036309239,"Java, Malaku, Sumatra and Sulawesi"
IDN,incomplete_sov,IDN,Indonesia,SUM,Sumatera,470942.395682408,466602.944568228,836054.5336018882,1862879.7597521588,0.25047399979819723,0.5581010876862424,"Java, Malaku, Sumatra and Sulawesi"
IDN,incomplete_sov,IDN,Indonesia,JAW,Jawa,130751.65087927,129674.306327331,836054.5336018882,1862879.7597521588,0.06960959538504145,0.155102689017986,"Java, Malaku, Sumatra and Sulawesi"
IND,incomplete_sov,IND,India,ASS,Assam,171289.708230383,169500.05700043,2833534.015343117,3140876.654877194,0.05396584317860051,0.05981931259078426,India excluding East Himalaya
IND,incomplete_sov,IND,India,IND,India,2669438.91143765,2662343.82199617,2833534.015343117,3140876.654877194,0.8476435449517089,0.9395842109464787,India excluding East Himalaya
IND,incomplete_sov,IND,India,NCB,Nicobar Is.,1865.8928249046,1659.2802522819,2833534.015343117,3140876.654877194,5.282857095662601e-4,5.85586847836367e-4,India excluding East Himalaya
IND,incomplete_sov,IND,India,LDV,Laccadive Is.,60.5076378612,30.8560942351,2833534.015343117,3140876.654877194,9.82403883552264e-6,1.0889614900692691e-5,India excluding East Himalaya
IRE,multi_sov,IRL,Ireland,IRE,Ireland,84001.0149452765,68510.6893278145,82637.6723626758,68510.6893278145,1,0.8290491172977192,Ireland and Northern Ireland
IRE,multi_sov,GBR,United Kingdom,IRE,Ireland,84001.0149452765,14126.9830348613,82637.6723626758,257426.5924996443,0.05487771444933693,0.17095088270228076,Ireland and Northern Ireland
IRN,entire_sov,IRN,Iran,IRN,Iran,1623444.96844447,1618283.86148697,1618283.86148697,1618283.86148697,1,1,Iran
IRQ,entire_sov,IRQ,Iraq,IRQ,Iraq,436205.537961383,433807.662249225,433807.662249225,433807.662249225,1,1,Iraq
ISL,entire_sov,ISL,Iceland,ICE,Iceland,102950.770071095,101204.421253194,101204.421253194,101204.421253194,1,1,Iceland
ITA,multi_sov,VAT,Vatican,ITA,Italy,250765.738699461,0.0122038313,249256.0901788527,0.0122038313,1,4.8961015521198264e-8,Italy and San Marino
ITA,multi_sov,ITA,Italy,ITA,Italy,250765.738699461,249195.760844071,249256.0901788527,298316.7128482258,0.8353395908155303,0.9997579624444144,Italy and San Marino
ITA,multi_sov,SMR,San Marino,ITA,Italy,250765.738699461,60.3171309504,249256.0901788527,60.3171309504,1,2.419885945700251e-4,Italy and San Marino
JAM,entire_sov,JAM,Jamaica,JAM,Jamaica,11038.5950914395,10846.8835205617,10846.8835205617,10846.8835205617,1,1,Jamaica
JPN,entire_sov,JPN,Japan,OGA,Ogasawara-shoto,76.5296327092,50.8121968407,366719.2141342657,366719.2141342657,1.3855886160929733e-4,1.3855886160929733e-4,Japan
JPN,entire_sov,JPN,Japan,MCS,Marcus I.,6.7010675198,3.3466167877,366719.2141342657,366719.2141342657,9.125828859555513e-6,9.125828859555513e-6,Japan
JPN,entire_sov,JPN,Japan,JAP,Japan,370584.958734124,364796.923930608,366719.2141342657,366719.2141342657,0.994758141571077,0.994758141571077,Japan
JPN,entire_sov,JPN,Japan,NNS,Nansei-shoto,2107.8886844363,1835.9650923672,366719.2141342657,366719.2141342657,0.005006460042464543,0.005006460042464543,Japan
JPN,entire_sov,JPN,Japan,KZN,Kazan-retto,41.1448673345,32.1662976621,366719.2141342657,366719.2141342657,8.77136959895509e-5,8.77136959895509e-5,Japan
KAZ,entire_sov,KAZ,Kazakhstan,KAZ,Kazakhstan,2723317.03330788,2713547.20889322,2713547.20889322,2713547.20889322,1,1,Kazakhstan
KEN,incomplete_sov,KEN,Kenya,KEN,Kenya,581885.163057844,579313.854430241,579313.854430241,582894.3440474082,0.9938573951630658,1,Kenya
KGZ,multi_sov,KGZ,Kyrgyzstan,KGZ,Kirgizistan,199585.440435087,196768.351978116,197994.8053245935,196768.351978116,1,0.9938056286655256,Kyrgyzstan
KGZ,multi_sov,UZB,Uzbekistan,KGZ,Kirgizistan,199585.440435087,797.0126730546,197994.8053245935,443638.4699492276,0.001796536430093212,0.004025422140484818,Kyrgyzstan
KGZ,multi_sov,TJK,Tajikistan,KGZ,Kirgizistan,199585.440435087,429.4406734229,197994.8053245935,140689.9500545749,0.0030523905457093136,0.0021689491939895756,Kyrgyzstan
KHM,entire_sov,KHM,Cambodia,CBD,Cambodia,182007.322727385,179376.685254043,179376.685254043,179376.685254043,1,1,Cambodia
KIR,incomplete_sov,KIR,Kiribati,PHX,Phoenix Is.,90.6669871436,31.3939743085,213.7450878704,707.7237540461,0.044359079554725594,0.1468757697371511,Kiribati excluding Line Islands
KIR,incomplete_sov,KIR,Kiribati,GIL,Gilbert Is.,448.9131750162,182.3511135619,213.7450878704,707.7237540461,0.25765860269545504,0.8531242302628489,Kiribati excluding Line Islands
KOR,multi_sov,PRK,North Korea,KOR,Korea,220273.982367434,120909.946497899,216970.8889918706,120909.946497899,1,0.5572634516072302,South Korea and North Korea
KOR,multi_sov,KOR,South Korea,KOR,Korea,220273.982367434,96060.9424939716,216970.8889918706,96060.9424939716,1,0.44273654839276977,South Korea and North Korea
KWT,entire_sov,KWT,Kuwait,KUW,Kuwait,16809.7840169842,16692.5332733725,16692.5332733725,16692.5332733725,1,1,Kuwait
LAO,entire_sov,LAO,Laos,LAO,Laos,229922.284493091,225465.800235669,225465.800235669,225465.800235669,1,1,Laos
LBR,entire_sov,LBR,Liberia,LBR,Liberia,96025.8070743422,94592.0438201434,94592.0438201434,94592.0438201434,1,1,Liberia
LBS,multi_sov,LBN,Lebanon,LBS,Lebanon-Syria,198173.545351971,9905.3438666824,196445.2387538593,9905.3438666824,1,0.05042292666147809,Lebanon and Syria
LBS,multi_sov,ISR,Israel,LBS,Lebanon-Syria,198173.545351971,1175.6939156719,196445.2387538593,27703.443272021097,0.0424385483106818,0.005984843018491343,Lebanon and Syria
LBS,multi_sov,SYR,Syria,LBS,Lebanon-Syria,198173.545351971,185364.200971505,196445.2387538593,185364.200971505,1,0.9435922303200305,Lebanon and Syria
LBY,entire_sov,LBY,Libya,LBY,Libya,1617575.72002814,1614812.0857491,1614812.0857491,1614812.0857491,1,1,Libya
LEE,multi_sov,NLD,Netherlands,LEE,Leeward Is. AB Ant,3415.505739245,42.2140322875,3026.3311287344,36032.842978706496,0.0011715432033061132,0.013948913880139,Carribean Leeward Islands
LEE,multi_sov,KNA,Saint Kitts and Nevis,LEE,Leeward Is. AB Ant,3415.505739245,257.0573220532,3026.3311287344,257.0573220532,1,0.08494024980032518,Carribean Leeward Islands
LEE,multi_sov,FRA,France,LEE,Leeward Is. AB Ant,3415.505739245,1680.9394759391,3026.3311287344,661251.5888740879,0.002542057371538771,0.5554380550029443,Carribean Leeward Islands
LEE,multi_sov,GBR,United Kingdom,LEE,Leeward Is. AB Ant,3415.505739245,289.5781630414,3026.3311287344,257426.5924996443,0.001124896073205025,0.09568621235525554,Carribean Leeward Islands
LEE,multi_sov,VEN,Venezuela,LEE,Leeward Is. AB Ant,3415.505739245,0.2758889055,3026.3311287344,908129.6219940928,3.037990379547322e-7,9.116282844282663e-5,Carribean Leeward Islands
LEE,multi_sov,USA,United States of America,LEE,Leeward Is. AB Ant,3415.505739245,311.5645192109,3026.3311287344,9449399.34709206,3.297188612382863e-5,0.10295123235281761,Carribean Leeward Islands
LEE,multi_sov,ATG,Antigua and Barbuda,LEE,Leeward Is. AB Ant,3415.505739245,444.7017272968,3026.3311287344,444.7017272968,1,0.1469441737800756,Carribean Leeward Islands
LIN,multi_sov,USA,United States of America,LIN,Line Is.,619.5108494087,1.9649079598,495.9435741355,9449399.34709206,2.0793998513828045e-7,0.003961958703114792,Line Islands
LIN,multi_sov,KIR,Kiribati,LIN,Line Is.,619.5108494087,493.9786661757,495.9435741355,707.7237540461,0.6979823177498194,0.9960380412968852,Line Islands
LKA,entire_sov,LKA,Sri Lanka,SRL,Sri Lanka,66288.5141955201,65692.9872122446,65692.9872122446,65692.9872122446,1,1,Sri Lanka
LSI,multi_sov,IDN,Indonesia,LSI,Lesser Sunda Is.,105148.488167557,86302.8307159556,101185.9693039114,1862879.7597521588,0.04632764421007907,0.8529130205468073,"Lesser Sunda Islands, Tanimbar Islands, Aru Islands and southern Malaku Islands"
LSI,multi_sov,TLS,East Timor,LSI,Lesser Sunda Is.,105148.488167557,14883.1385879558,101185.9693039114,14883.1385879558,1,0.14708697945319266,"Lesser Sunda Islands, Tanimbar Islands, Aru Islands and southern Malaku Islands"
LSO,entire_sov,LSO,Lesotho,LES,Lesotho,30539.0213624101,29847.2752049805,29847.2752049805,29847.2752049805,1,1,Lesotho
MDG,entire_sov,MDG,Madagascar,MDG,Madagascar,592996.413385798,591427.153967276,591427.153967276,591427.153967276,1,1,Madagascar
MDV,entire_sov,MDV,Maldives,MDV,Maldives,140.4571086447,53.588204473,53.588204473,53.588204473,1,1,Maldives
MEX,entire_sov,MEX,Mexico,MXI,Mexican Pacific Is.,545.1582239659,423.1256295666,1949379.211467386,1949379.211467386,2.1705660298290254e-4,2.1705660298290254e-4,Mexico
MEX,entire_sov,MEX,Mexico,MXT,Mexico Southeast,236549.610365337,235336.068364688,1949379.211467386,1949379.211467386,0.12072359599420365,0.12072359599420365,Mexico
MEX,entire_sov,MEX,Mexico,MXC,Mexico Central,66275.8247950165,66275.8247950165,1949379.211467386,1949379.211467386,0.03399842596306733,0.03399842596306733,Mexico
MEX,entire_sov,MEX,Mexico,MXG,Mexico Gulf,71169.472536711,70937.6657962898,1949379.211467386,1949379.211467386,0.03638987498122123,0.03638987498122123,Mexico
MEX,entire_sov,MEX,Mexico,MXE,Mexico Northeast,871043.604133612,870286.717760002,1949379.211467386,1949379.211467386,0.44644300741511334,0.44644300741511334,Mexico
MEX,entire_sov,MEX,Mexico,MXS,Mexico Southwest,329132.450957188,328018.232715413,1949379.211467386,1949379.211467386,0.1682680469689111,0.1682680469689111,Mexico
MEX,entire_sov,MEX,Mexico,MXN,Mexico Northwest,382811.367940363,378101.57640641,1949379.211467386,1949379.211467386,0.1939599920745004,0.1939599920745004,Mexico
MHL,entire_sov,MHL,Marshall Islands,MRS,Marshall Is.,129.2834975132,32.3495886177,32.3495886177,32.3495886177,1,1,Marshall Islands
MLI,entire_sov,MLI,Mali,MLI,Mali,1252282.27092618,1247528.16449961,1247528.16449961,1247528.16449961,1,1,Mali
MLY,multi_sov,MYS,Malaysia,MLY,Malaya,132152.175294838,130342.184555989,130837.1119567167,325768.427252632,0.4001068662645727,0.9962172246595337,Peninsular Malaysia and Singapore
MLY,multi_sov,SGP,Singapore,MLY,Malaya,132152.175294838,494.9274007277,130837.1119567167,494.9274007277,1,0.003782775340466327,Peninsular Malaysia and Singapore
MMR,incomplete_sov,MMR,Myanmar,MYA,Myanmar,668128.145946637,658721.333634694,658721.333634694,658748.2432164489,0.9999591504310911,1,Myanmar
MNG,entire_sov,MNG,Mongolia,MON,Mongolia,1562949.60856604,1558269.10212597,1558269.10212597,1558269.10212597,1,1,Mongolia
MOR,multi_sov,ESP,Spain,MOR,Morocco,403187.343194376,47.8032399972,402225.9757500632,503731.6569652203,9.489822475163703e-5,1.1884672517247909e-4,Morocco and Ceuta
MOR,multi_sov,MAR,Morocco,MOR,Morocco,403187.343194376,402178.172510066,402225.9757500632,580013.8706206491,0.6933940598346582,0.9998811532748275,Morocco and Ceuta
MOZ,entire_sov,MOZ,Mozambique,MOZ,Mozambique,786425.467403561,783065.112412666,783065.112412666,783065.112412666,1,1,Mozambique
MRT,entire_sov,MRT,Mauritania,MTN,Mauritania,1038476.28466124,1034074.2403757,1034074.2403757,1034074.2403757,1,1,Mauritania
MUS,entire_sov,MUS,Mauritius,ROD,Rodrigues,116.4880252144,94.390060294,1990.4149355364,1990.4149355364,0.0474223030629353,0.0474223030629353,Mauritius
MUS,entire_sov,MUS,Mauritius,MAU,Mauritius,2055.5452623891,1896.0248752424,1990.4149355364,1990.4149355364,0.9525776969370647,0.9525776969370647,Mauritius
MWI,entire_sov,MWI,Malawi,MLW,Malawi,118523.864053629,116985.525391985,116985.525391985,116985.525391985,1,1,Malawi
NAM,entire_sov,NAM,Namibia,CPV,Caprivi Strip,20090.9320160606,19826.7914303739,821711.1040814639,821711.1040814639,0.02412866435891353,0.02412866435891353,Namibia
NAM,entire_sov,NAM,Namibia,NAM,Namibia,804651.077266435,801884.31265109,821711.1040814639,821711.1040814639,0.9758713356410864,0.9758713356410864,Namibia
NER,entire_sov,NER,Niger,NGR,Niger,1182025.84326279,1178285.21178046,1178285.21178046,1178285.21178046,1,1,Niger
NFL,multi_sov,CAN,Canada,NFL,Newfoundland,112133.732324438,108961.885312977,109187.3720360908,9870995.237530636,0.011038591620294946,0.9979348644544785,Newfoundland and Saint Pierre and Miquelon
NFL,multi_sov,FRA,France,NFL,Newfoundland,112133.732324438,225.4867231138,109187.3720360908,661251.5888740879,3.409998961178088e-4,0.002065135545521396,Newfoundland and Saint Pierre and Miquelon
NGA,entire_sov,NGA,Nigeria,NGA,Nigeria,908619.050636114,904808.109844663,904808.109844663,904808.109844663,1,1,Nigeria
NIC,incomplete_sov,NIC,Nicaragua,NIC,Nicaragua,128124.06782884,127529.426940648,127529.426940648,127569.6995115345,0.9996843092753162,1,Nicaragua
NLD,incomplete_sov,NLD,Netherlands,ARU,Aruba,206.3955607128,167.0121157094,35990.628946419,36032.842978706496,0.004634996905686718,0.004640433373866266,Netherlands and Netherlands Antilles
NLD,incomplete_sov,NLD,Netherlands,NLA,Netherlands Antilles,792.2263806259,705.9516006854,35990.628946419,36032.842978706496,0.019591892904553217,0.01961487257520241,Netherlands and Netherlands Antilles
NLD,incomplete_sov,NLD,Netherlands,NET,Netherlands,35787.0747889498,35117.6652300242,35990.628946419,36032.842978706496,0.9746015669864541,0.9757446940509313,Netherlands and Netherlands Antilles
NOR,entire_sov,NOR,Norway,BOU,Bouvet I.,58.2623143411,53.5097813624,374060.3050406056,374060.3050406056,1.4305121564981698e-4,1.4305121564981698e-4,"Norway, Bouvet Island and Svalbard"
NOR,entire_sov,NOR,Norway,SVA,Svalbard,63032.5259461745,61397.2733896232,374060.3050406056,374060.3050406056,0.16413736652157812,0.16413736652157812,"Norway, Bouvet Island and Svalbard"
NOR,entire_sov,NOR,Norway,NOR,Norway,321793.991952711,312609.52186962,374060.3050406056,374060.3050406056,0.8357195822627721,0.8357195822627721,"Norway, Bouvet Island and Svalbard"
NPL,entire_sov,NPL,Nepal,NEP,Nepal,147199.017916606,145128.763478565,145128.763478565,145128.763478565,1,1,Nepal
NRU,entire_sov,NRU,Nauru,NRU,Nauru,28.9164205487,26.0713486633,26.0713486633,26.0713486633,1,1,Nauru
NWG,multi_sov,PNG,Papua New Guinea,NWG,New Guinea,816427.403174914,404603.5772214,809941.049632621,461043.120184035,0.8775829407450957,0.49954694530536886,New Guinea island
NWG,multi_sov,IDN,Indonesia,NWG,New Guinea,816427.403174914,405337.472411221,809941.049632621,1862879.7597521588,0.21758649225173177,0.5004530546946311,New Guinea island
NZL,incomplete_sov,NZL,New Zealand,NUE,Niue,252.7216845398,219.1121468597,265732.4026448676,265745.6094902671,8.245184079615996e-4,8.245593863557835e-4,New Zealand and territories
NZL,incomplete_sov,NZL,New Zealand,KER,Kermadec Is.,50.0566861763,37.599655048,265732.4026448676,265745.6094902671,1.4148739887037375e-4,1.4149443076480687e-4,New Zealand and territories
NZL,incomplete_sov,NZL,New Zealand,NZN,New Zealand North,114622.345318186,112888.381756099,265732.4026448676,265745.6094902671,0.4247986710773241,0.4248197834833348,New Zealand and territories
NZL,incomplete_sov,NZL,New Zealand,ATP,Antipodean Is.,860.9103115051,653.2457840657,265732.4026448676,265745.6094902671,0.0024581620946389523,0.0024582842647861668,New Zealand and territories
NZL,incomplete_sov,NZL,New Zealand,CTM,Chatham Is.,705.3748860693,637.1721028697,265732.4026448676,265745.6094902671,0.0023976768763626036,0.0023977960404069918,New Zealand and territories
NZL,incomplete_sov,NZL,New Zealand,COO,Cook Is.,201.042446703,157.3286430625,265732.4026448676,265745.6094902671,5.920272525453035e-4,5.920566761771935e-4,New Zealand and territories
NZL,incomplete_sov,NZL,New Zealand,NZS,New Zealand South,152912.832658092,151139.562556863,265732.4026448676,265745.6094902671,0.5687377595692638,0.5687660257181743,New Zealand and territories
OMN,incomplete_sov,OMN,Oman,OMA,Oman,308969.52217501,308169.388668164,308169.388668164,308918.2449553532,0.9975758754964524,1,Oman
PAK,incomplete_sov,PAK,Pakistan,PAK,Pakistan,795109.022147453,791299.089326897,791299.089326897,868859.0782533402,0.9107335229985036,1,Pakistan
PAL,multi_sov,ISR,Israel,PAL,Palestine,116184.031943746,26527.7493563492,115121.8573177428,27703.443272021097,0.9575614516893183,0.2304319090607713,Israel and Jordan
PAL,multi_sov,JOR,Jordan,PAL,Palestine,116184.031943746,88594.1079613936,115121.8573177428,88594.1079613936,1,0.7695680909392286,Israel and Jordan
PAN,entire_sov,PAN,Panama,PAN,Panama,74530.6402355148,72949.5449293964,72949.5449293964,72949.5449293964,1,1,Panama
PER,entire_sov,PER,Peru,PER,Peru,1290870.47879888,1285107.23212498,1285107.23212498,1285107.23212498,1,1,Peru
PHL,entire_sov,PHL,Philippines,PHI,Philippines,294706.190480967,284812.213227605,284812.213227605,284812.213227605,1,1,Philippines
PNG,incomplete_sov,PNG,Papua New Guinea,BIS,Bismarck Archipelago,48922.8118454926,47313.1707236323,47313.1707236323,461043.120184035,0.1026220079040465,1,Bismarck Archipelago
POL,entire_sov,POL,Poland,POL,Poland,311694.007828194,310767.770387527,310767.770387527,310767.770387527,1,1,Poland
PRT,entire_sov,PRT,Portugal,POR,Portugal,88595.1543592857,87188.7986159841,89961.67395684449,89961.67395684449,0.9691771482354745,0.9691771482354745,"Portugal, the Azores, Madeira and Savage Islands"
PRT,entire_sov,PRT,Portugal,MDR,Madeira,825.1544856866,773.3997338388,89961.67395684449,89961.67395684449,0.008596991361119043,0.008596991361119043,"Portugal, the Azores, Madeira and Savage Islands"
PRT,entire_sov,PRT,Portugal,AZO,Azores,2102.0826273366,1997.7636268918,89961.67395684449,89961.67395684449,0.022206830298090573,0.022206830298090573,"Portugal, the Azores, Madeira and Savage Islands"
PRT,entire_sov,PRT,Portugal,SEL,Selvagens,1.8638771141,1.7119801298,89961.67395684449,89961.67395684449,1.9030105315973264e-5,1.9030105315973264e-5,"Portugal, the Azores, Madeira and Savage Islands"
PRY,entire_sov,PRY,Paraguay,PAR,Paraguay,398813.962825199,397516.379634983,397516.379634983,397516.379634983,1,1,Paraguay
ROU,entire_sov,ROU,Romania,ROM,Romania,237375.508871671,235199.703884756,235199.703884756,235199.703884756,1,1,Romania
RUS,incomplete_sov,RUS,Russia,RUC,Central European Russia,852831.572471861,852636.312122281,16924812.213997174,16938133.396226928,0.05033826881492213,0.05037788906261145,Russia excluding Kaliningrad
RUS,incomplete_sov,RUS,Russia,RUE,East European Russia,735790.994520229,735148.958726234,16924812.213997174,16938133.396226928,0.04340200549430039,0.043436166347432234,Russia excluding Kaliningrad
RUS,incomplete_sov,RUS,Russia,KRY,Krym,25627.6533264677,25319.7042410317,16924812.213997174,16938133.396226928,0.0014948343863363256,0.0014960109406763034,Russia excluding Kaliningrad
RUS,incomplete_sov,RUS,Russia,TVA,Tuva,169687.383260988,168961.613445492,16924812.213997174,16938133.396226928,0.009975220379544845,0.009983071676609634,Russia excluding Kaliningrad
RUS,incomplete_sov,RUS,Russia,BRY,Buryatiya,352357.325071387,352317.969775262,16924812.213997174,16938133.396226928,0.02080028309694048,0.02081665458502917,Russia excluding Kaliningrad
RUS,incomplete_sov,RUS,Russia,AMU,Amur,361576.371632462,360809.161674752,16924812.213997174,16938133.396226928,0.02130158933304448,0.021318355389276063,Russia excluding Kaliningrad
RUS,incomplete_sov,RUS,Russia,CTA,Chita,431835.472457476,431330.263724338,16924812.213997174,16938133.396226928,0.025465041137320326,0.025485084163451976,Russia excluding Kaliningrad
RUS,incomplete_sov,RUS,Russia,RUS,South European Russia,437006.07674627297,435189.599519939,16924812.213997174,16938133.396226928,0.025692890080608297,0.02571311244210013,Russia excluding Kaliningrad
RUS,incomplete_sov,RUS,Russia,RUN,North European Russia,1363299.20409348,1360092.81382633,16924812.213997174,16938133.396226928,0.08029767991609388,0.08036088061890015,Russia excluding Kaliningrad
RUS,incomplete_sov,RUS,Russia,WSB,West Siberia,2564675.76097516,2559223.60203748,16924812.213997174,16938133.396226928,0.15109242217962238,0.1512113440124877,Russia excluding Kaliningrad
RUS,incomplete_sov,RUS,Russia,KAM,Kamchatka,464212.599332547,461392.569999562,16924812.213997174,16938133.396226928,0.02723987107707748,0.02726131103646637,Russia excluding Kaliningrad
RUS,incomplete_sov,RUS,Russia,RUW,Northwest European Russia,195197.775323917,194929.444212251,16924812.213997174,16938133.396226928,0.011508319107681176,0.01151737707618642,Russia excluding Kaliningrad
RUS,incomplete_sov,RUS,Russia,MAG,Magadan,1179713.20164775,1175278.07045668,16924812.213997174,16938133.396226928,0.06938651638665688,0.06944112913020685,Russia excluding Kaliningrad
RUS,incomplete_sov,RUS,Russia,KHA,Khabarovsk,822719.029779891,821422.829356729,16924812.213997174,16938133.396226928,0.04849547527708726,0.04853364509872642,Russia excluding Kaliningrad
RUS,incomplete_sov,RUS,Russia,ALT,Altay,263325.771357914,262912.693817989,16924812.213997174,16938133.396226928,0.01552194020839123,0.015534157218037239,Russia excluding Kaliningrad
RUS,incomplete_sov,RUS,Russia,NCS,North Caucasus,253442.724333166,252791.133372769,16924812.213997174,16938133.396226928,0.014924379650303129,0.014936126331948631,Russia excluding Kaliningrad
RUS,incomplete_sov,RUS,Russia,KRA,Krasnoyarsk,2388963.00403242,2385620.12182685,16924812.213997174,16938133.396226928,0.14084315349401258,0.14095400833185565,Russia excluding Kaliningrad
RUS,incomplete_sov,RUS,Russia,SAK,Sakhalin,75452.2845424578,74731.0995144515,16924812.213997174,16938133.396226928,0.004412003245357503,0.0044154758451409775,Russia excluding Kaliningrad
RUS,incomplete_sov,RUS,Russia,YAK,Yakutskiya,3069765.89092969,3067132.36961846,16924812.213997174,16938133.396226928,0.18107853432667395,0.18122105763051702,Russia excluding Kaliningrad
RUS,incomplete_sov,RUS,Russia,PRM,Primorye,164935.938845141,164119.750184156,16924812.213997174,16938133.396226928,0.009689364603818428,0.009696990909501822,Russia excluding Kaliningrad
RUS,incomplete_sov,RUS,Russia,KUR,Kuril Is.,10653.3591044709,9748.4028423556,16924812.213997174,16938133.396226928,5.755299367595673e-4,5.759829248972976e-4,Russia excluding Kaliningrad
RUS,incomplete_sov,RUS,Russia,IRK,Irkutsk,773703.72970178,773703.72970178,16924812.213997174,16938133.396226928,0.04567821681426403,0.045714169227940436,Russia excluding Kaliningrad
RWA,entire_sov,RWA,Rwanda,RWA,Rwanda,25142.8457336922,24786.7850202632,24786.7850202632,24786.7850202632,1,1,Rwanda
SAM,multi_sov,WSM,Samoa,SAM,Samoa,3172.1920620701,2753.3239493294,2920.7424174443,2753.3239493294,1,0.9426794820676471,Samoa and American Samoa
SAM,multi_sov,USA,United States of America,SAM,Samoa,3172.1920620701,167.4184681149,2920.7424174443,9449399.34709206,1.771736614840191e-5,0.05732051793235299,Samoa and American Samoa
SAR,incomplete_sov,ITA,Italy,SAR,Sardegna,24137.1237079945,23721.7626307596,23721.7626307596,298316.7128482258,0.07951871822491048,1,Sardinia
SAU,entire_sov,SAU,Saudi Arabia,SAU,Saudi Arabia,1954701.7704991,1918904.83667018,1918904.83667018,1918904.83667018,1,1,Saudi Arabia
SCS,multi_sov,PGA,Spratly Islands,SCS,South China Sea,22.3333595675,3.0615168862,4.070569191400001,3.0615168862,1,0.7521102681826778,South China Sea islands
SCS,multi_sov,CHN,China,SCS,South China Sea,22.3333595675,1.0090523052,4.070569191400001,9350491.643847141,1.0791435826414345e-7,0.24788973181732213,South China Sea islands
SEN,entire_sov,SEN,Senegal,SEN,Senegal,196062.60192912,194623.578727305,194623.578727305,194623.578727305,1,1,Senegal
SIC,multi_sov,ITA,Italy,SIC,Sicilia,26048.4890898089,25399.1893733952,25722.183210098698,298316.7128482258,0.08514169095955919,0.9874429851437848,Sicily and Malta
SIC,multi_sov,MLT,Malta,SIC,Sicilia,26048.4890898089,322.9938367035,25722.183210098698,322.9938367035,1,0.012557014856215257,Sicily and Malta
SLB,incomplete_sov,SLB,Solomon Islands,SCZ,Santa Cruz Is.,851.7383559354,599.9007530956,599.9007530956,26037.1923359121,0.023040147545715976,1,Santa Cruz Islands
SLE,entire_sov,SLE,Sierra Leone,SIE,Sierra Leone,72497.7691503025,71260.7255405036,71260.7255405036,71260.7255405036,1,1,Sierra Leone
SLV,entire_sov,SLV,El Salvador,ELS,El Salvador,20585.0979109741,20242.0808355041,20242.0808355041,20242.0808355041,1,1,El Salvador
SOL,multi_sov,SLB,Solomon Islands,SOL,Solomon Is.,36875.3918421465,25437.2915828165,34563.663821819195,26037.1923359121,0.976959852454284,0.7359547215234329,Bougainville Island and Solomon Islands excluding Santa Cruz Islands
SOL,multi_sov,PNG,Papua New Guinea,SOL,Solomon Is.,36875.3918421465,9126.3722390027,34563.663821819195,461043.120184035,0.01979505135085785,0.26404527847656717,Bougainville Island and Solomon Islands excluding Santa Cruz Islands
SOM,multi_sov,SOM,Somalia,SOM,Somalia,636289.16468204,469228.539238231,635159.729264616,469228.539238231,1,0.738756753016286,Somalia and Somaliland
SOM,multi_sov,SOL,Somaliland,SOM,Somalia,636289.16468204,165931.190026385,635159.729264616,165931.190026385,1,0.26124324698371404,Somalia and Somaliland
SPA,multi_sov,ESP,Spain,SPA,Spain,494020.307099494,491778.712493261,492232.39132826246,503731.6569652203,0.9762712064912279,0.9990783238913286,"Spain, Andorra and Gibraltar"
SPA,multi_sov,AND,Andorra,SPA,Spain,494020.307099494,450.1207785626,492232.39132826246,450.1207785626,1,9.144477009080476e-4,"Spain, Andorra and Gibraltar"
SPA,multi_sov,GBR,United Kingdom,SPA,Spain,494020.307099494,3.5580564389,492232.39132826246,257426.5924996443,1.3821635147910822e-5,7.228407763452497e-6,"Spain, Andorra and Gibraltar"
SUD,multi_sov,SSD,South Sudan,SUD,Sudan,2502438.14603315,624724.534663961,2498265.924421642,624724.534663961,1,0.25006326530614914,Sudan and South Sudan
SUD,multi_sov,EGY,Egypt,SUD,Sudan,2502438.14603315,18035.0880596736,2498265.924421642,997651.088155911,0.018077550632466317,0.007219042570037371,Sudan and South Sudan
SUD,multi_sov,SDN,Sudan,SUD,Sudan,2502438.14603315,1851925.81208084,2498265.924421642,1851925.81208084,1,0.7412845021730695,Sudan and South Sudan
SUD,multi_sov,KEN,Kenya,SUD,Sudan,2502438.14603315,3580.4896171671,2498265.924421642,582894.3440474082,0.006142604836934033,0.0014331899507439333,Sudan and South Sudan
SUR,entire_sov,SUR,Suriname,SUR,Surinam,145018.264684567,144171.475993717,144171.475993717,144171.475993717,1,1,Surinam
SWC,multi_sov,COL,Colombia,SWC,Southwest Caribbean,355.6257040732,37.2943454074,246.9602790786,1129744.844057294,3.301129950145508e-5,0.1510135376690692,Southwest Caribbean islands
SWC,multi_sov,HND,Honduras,SWC,Southwest Caribbean,355.6257040732,169.3933627847,246.9602790786,111090.6880027717,0.001524820539237939,0.6859133922940993,Southwest Caribbean islands
SWC,multi_sov,NIC,Nicaragua,SWC,Southwest Caribbean,355.6257040732,40.2725708865,246.9602790786,127569.6995115345,3.1569072468387105e-4,0.16307307003683152,Southwest Caribbean islands
SWE,entire_sov,SWE,Sweden,SWE,Sweden,446400.93089965,442331.573776188,442331.573776188,442331.573776188,1,1,Sweden
SWZ,entire_sov,SWZ,eSwatini,SWZ,Swaziland,17121.7293941902,16778.2429915011,16778.2429915011,16778.2429915011,1,1,Eswatini
SYC,entire_sov,SYC,Seychelles,ALD,Aldabra,183.0711539457,142.2276518199,350.5524143614,350.5524143614,0.4057243538858392,0.4057243538858392,Seychelles
SYC,entire_sov,SYC,Seychelles,SEY,Seychelles,328.5052381701,208.3247625415,350.5524143614,350.5524143614,0.5942756461141608,0.5942756461141608,Seychelles
TCD,entire_sov,TCD,Chad,CHA,Chad,1271887.74556975,1263118.31977031,1263118.31977031,1263118.31977031,1,1,Chad
TCS,multi_sov,GEO,Georgia,TCS,Transcaucasus,185533.45241898,69096.3431334904,183991.4661293283,69096.3431334904,1,0.3755410214782588,"Armenia, Azerbaijan and Georgia"
TCS,multi_sov,AZE,Azerbaijan,TCS,Transcaucasus,185533.45241898,85480.0827567109,183991.4661293283,85480.0827567109,1,0.4645872145864995,"Armenia, Azerbaijan and Georgia"
TCS,multi_sov,ARM,Armenia,TCS,Transcaucasus,185533.45241898,29415.040239127,183991.4661293283,29415.040239127,1,0.15987176393524175,"Armenia, Azerbaijan and Georgia"
TGO,entire_sov,TGO,Togo,TOG,Togo,57126.0010286358,55768.6248199093,55768.6248199093,55768.6248199093,1,1,Togo
THA,entire_sov,THA,Thailand,THA,Thailand,512815.469839431,508534.912992823,508534.912992823,508534.912992823,1,1,Thailand
TJK,incomplete_sov,TJK,Tajikistan,TZK,Tadzhikistan,142386.809494245,140260.509381152,140260.509381152,140689.9500545749,0.9969476094542906,1,Tajikistan
TKM,entire_sov,TKM,Turkmenistan,TKM,Turkmenistan,471713.246980036,468568.175511746,468568.175511746,468568.175511746,1,1,Turkmenistan
TOK,multi_sov,USA,United States of America,TOK,Tokelau-Manihiki,64.4260574132,1.7347248289,14.9415702284,9449399.34709206,1.8358043354722232e-7,0.1161005705814469,Tokelau and Northern Cook Islands
TOK,multi_sov,NZL,New Zealand,TOK,Tokelau-Manihiki,64.4260574132,13.2068453995,14.9415702284,265745.6094902671,4.969732303322851e-5,0.8838994294185532,Tokelau and Northern Cook Islands
TON,entire_sov,TON,Tonga,TON,Tonga,776.1980180556,551.9229271568,551.9229271568,551.9229271568,1,1,Tonga
TTO,entire_sov,TTO,Trinidad and Tobago,TRT,Trinidad-Tobago,5029.5393675672,4906.747767012,4906.747767012,4906.747767012,1,1,Trinidad and Tobago
TUN,entire_sov,TUN,Tunisia,TUN,Tunisia,155382.202874773,154488.150595221,154488.150595221,154488.150595221,1,1,Tunisia
TUR,entire_sov,TUR,Turkey,TUE,Turkey-in-Europe,23840.2053779283,23357.6965851665,776786.2660114075,776786.2660114075,0.030069657005011314,0.030069657005011314,Turkey
TUR,entire_sov,TUR,Turkey,TUR,Turkey,756175.772055685,753428.569426241,776786.2660114075,776786.2660114075,0.9699303429949887,0.9699303429949887,Turkey
TUV,entire_sov,TUV,Tuvalu,TUV,Tuvalu,52.8062533302,7.1360186462,7.1360186462,7.1360186462,1,1,Tuvalu
TWN,entire_sov,TWN,Taiwan,TAI,Taiwan,36163.4562669865,35761.7625106874,35761.7625106874,35761.7625106874,1,1,Taiwan
TZA,entire_sov,TZA,United Republic of Tanzania,TAN,Tanzania,941388.819301319,938580.765189661,938580.765189661,938580.765189661,1,1,Tanzania
UGA,entire_sov,UGA,Uganda,UGA,Uganda,242066.486855459,240307.1287585,240307.1287585,240307.1287585,1,1,Uganda
UKR,multi_sov,UKR,Ukraine,UKR,Ukraine,605804.65654633,569363.131309756,602430.8707793156,569363.131309756,1,0.9451094871237548,Ukraine and Moldova
UKR,multi_sov,MDA,Moldova,UKR,Ukraine,605804.65654633,33067.7394695596,602430.8707793156,33067.7394695596,1,0.05489051287624515,Ukraine and Moldova
URY,entire_sov,URY,Uruguay,URU,Uruguay,177842.73634548,176858.304642332,176858.304642332,176858.304642332,1,1,Uruguay
USA,incomplete_sov,USA,United States of America,NWY,New York,137027.973543945,136358.845059632,9448913.931608755,9449399.34709206,0.014430424628163779,0.01443116595691287,"United States of America and Puerto Rico, Wake Island, Guam and Northern Mariana Islands, Howland and Baker Islands, Aleutian Islands"
USA,incomplete_sov,USA,United States of America,DEL,Delaware,5069.3994852751,5011.6111595276,9448913.931608755,9449399.34709206,5.303629337106875e-4,5.303901798451806e-4,"United States of America and Puerto Rico, Wake Island, Guam and Northern Mariana Islands, Howland and Baker Islands, Aleutian Islands"
USA,incomplete_sov,USA,United States of America,VRG,Virginia,103882.407808106,102885.146586548,9448913.931608755,9449399.34709206,0.010888009153535211,0.010888568499113311,"United States of America and Puerto Rico, Wake Island, Guam and Northern Mariana Islands, Howland and Baker Islands, Aleutian Islands"
USA,incomplete_sov,USA,United States of America,NWJ,New Jersey,19835.6379809019,19435.3291007052,9448913.931608755,9449399.34709206,0.0020567793133524606,0.002056884975498573,"United States of America and Puerto Rico, Wake Island, Guam and Northern Mariana Islands, Howland and Baker Islands, Aleutian Islands"
USA,incomplete_sov,USA,United States of America,NWH,New Hampshire,24201.1055191534,24169.5355072581,9448913.931608755,9449399.34709206,0.0025577853807920593,0.0025579167809334715,"United States of America and Puerto Rico, Wake Island, Guam and Northern Mariana Islands, Howland and Baker Islands, Aleutian Islands"
USA,incomplete_sov,USA,United States of America,MIN,Minnesota,225023.303188084,224476.357409408,9448913.931608755,9449399.34709206,0.023755621829919582,0.023756842218499184,"United States of America and Puerto Rico, Wake Island, Guam and Northern Mariana Islands, Howland and Baker Islands, Aleutian Islands"
USA,incomplete_sov,USA,United States of America,UTA,Utah,219981.870023496,219981.870023496,9448913.931608755,9449399.34709206,0.023279984467075444,0.02328118042091662,"United States of America and Puerto Rico, Wake Island, Guam and Northern Mariana Islands, Howland and Baker Islands, Aleutian Islands"
USA,incomplete_sov,USA,United States of America,CNT,Connecticut,12844.3761451306,12770.379237625,9448913.931608755,9449399.34709206,0.0013514487819328888,0.0013515182094002564,"United States of America and Puerto Rico, Wake Island, Guam and Northern Mariana Islands, Howland and Baker Islands, Aleutian Islands"
USA,incomplete_sov,USA,United States of America,MAI,Maine,84028.4602513565,83067.5676993376,9448913.931608755,9449399.34709206,0.00879077755613119,0.008791229161423282,"United States of America and Puerto Rico, Wake Island, Guam and Northern Mariana Islands, Howland and Baker Islands, Aleutian Islands"
USA,incomplete_sov,USA,United States of America,COL,Colorado,271035.887962705,271035.887962705,9448913.931608755,9449399.34709206,0.028682869461550808,0.028684342975760273,"United States of America and Puerto Rico, Wake Island, Guam and Northern Mariana Islands, Howland and Baker Islands, Aleutian Islands"
USA,incomplete_sov,USA,United States of America,ALA,Alabama,134428.506999896,134288.872100074,9448913.931608755,9449399.34709206,0.014211365946915957,0.01421209602204623,"United States of America and Puerto Rico, Wake Island, Guam and Northern Mariana Islands, Howland and Baker Islands, Aleutian Islands"
USA,incomplete_sov,USA,United States of America,OHI,Ohio,116427.967455593,116264.162430665,9448913.931608755,9449399.34709206,0.012303868019552366,0.012304500101512733,"United States of America and Puerto Rico, Wake Island, Guam and Northern Mariana Islands, Howland and Baker Islands, Aleutian Islands"
USA,incomplete_sov,USA,United States of America,MSO,Missouri,180418.439034997,180418.439034997,9448913.931608755,9449399.34709206,0.019093111890812257,0.01909409275403139,"United States of America and Puerto Rico, Wake Island, Guam and Northern Mariana Islands, Howland and Baker Islands, Aleutian Islands"
USA,incomplete_sov,USA,United States of America,OKL,Oklahoma,181143.235650391,181143.235650391,9448913.931608755,9449399.34709206,0.019169814820678064,0.019170799624327817,"United States of America and Puerto Rico, Wake Island, Guam and Northern Mariana Islands, Howland and Baker Islands, Aleutian Islands"
USA,incomplete_sov,USA,United States of America,TEX,Texas,684967.629132583,683324.549353068,9448913.931608755,9449399.34709206,0.07231407248793575,0.07231778745144378,"United States of America and Puerto Rico, Wake Island, Guam and Northern Mariana Islands, Howland and Baker Islands, Aleutian Islands"
USA,incomplete_sov,USA,United States of America,CAL,California,407758.674774725,407088.440571425,9448913.931608755,9449399.34709206,0.04308088012987848,0.04308309330764693,"United States of America and Puerto Rico, Wake Island, Guam and Northern Mariana Islands, Howland and Baker Islands, Aleutian Islands"
USA,incomplete_sov,USA,United States of America,NEV,Nevada,286607.863881748,286607.863881748,9448913.931608755,9449399.34709206,0.030330802345648365,0.030332360518490895,"United States of America and Puerto Rico, Wake Island, Guam and Northern Mariana Islands, Howland and Baker Islands, Aleutian Islands"
USA,incomplete_sov,USA,United States of America,LOU,Louisiana,119140.136897579,118198.39181353,9448913.931608755,9449399.34709206,0.012508561388074274,0.01250920398566968,"United States of America and Puerto Rico, Wake Island, Guam and Northern Mariana Islands, Howland and Baker Islands, Aleutian Islands"
USA,incomplete_sov,USA,United States of America,IOW,Iowa,145268.772166871,145268.772166871,9448913.931608755,9449399.34709206,0.015373333989908653,0.015374123758383923,"United States of America and Puerto Rico, Wake Island, Guam and Northern Mariana Islands, Howland and Baker Islands, Aleutian Islands"
USA,incomplete_sov,USA,United States of America,NWM,New Mexico,315094.922203088,315063.085205358,9448913.931608755,9449399.34709206,0.033342128280599646,0.03334384115315102,"United States of America and Puerto Rico, Wake Island, Guam and Northern Mariana Islands, Howland and Baker Islands, Aleutian Islands"
USA,incomplete_sov,USA,United States of America,MRY,Maryland,25932.5851462011,25125.887507128,9448913.931608755,9449399.34709206,0.0026589930834979678,0.0026591296829444307,"United States of America and Puerto Rico, Wake Island, Guam and Northern Mariana Islands, Howland and Baker Islands, Aleutian Islands"
USA,incomplete_sov,USA,United States of America,KTY,Kentucky,104139.613923585,104139.613923585,9448913.931608755,9449399.34709206,0.011020765458032284,0.011021331623649828,"United States of America and Puerto Rico, Wake Island, Guam and Northern Mariana Islands, Howland and Baker Islands, Aleutian Islands"
USA,incomplete_sov,USA,United States of America,NEB,Nebraska,200155.87047748,200155.87047748,9448913.931608755,9449399.34709206,0.021181861738024183,0.021182949905799577,"United States of America and Puerto Rico, Wake Island, Guam and Northern Mariana Islands, Howland and Baker Islands, Aleutian Islands"
USA,incomplete_sov,USA,United States of America,PUE,Puerto Rico,9245.9555481437,8865.030418128,9448913.931608755,9449399.34709206,9.381580873556908e-4,9.382062829964477e-4,"United States of America and Puerto Rico, Wake Island, Guam and Northern Mariana Islands, Howland and Baker Islands, Aleutian Islands"
USA,incomplete_sov,USA,United States of America,NDA,North Dakota,182559.181951088,182159.587144512,9448913.931608755,9449399.34709206,0.019277372079799914,0.019278362408948077,"United States of America and Puerto Rico, Wake Island, Guam and Northern Mariana Islands, Howland and Baker Islands, Aleutian Islands"
USA,incomplete_sov,USA,United States of America,PEN,Pennsylvania,118993.298987772,118971.232608413,9448913.931608755,9449399.34709206,0.01259034868126565,0.012590995480488748,"United States of America and Puerto Rico, Wake Island, Guam and Northern Mariana Islands, Howland and Baker Islands, Aleutian Islands"
USA,incomplete_sov,USA,United States of America,GEO,Georgia,152468.396653908,151927.726153227,9448913.931608755,9449399.34709206,0.016078029996687667,0.01607885596724449,"United States of America and Puerto Rico, Wake Island, Guam and Northern Mariana Islands, Howland and Baker Islands, Aleutian Islands"
USA,incomplete_sov,USA,United States of America,WAS,Washington,174446.014492181,172712.982818985,9448913.931608755,9449399.34709206,0.018277667868078343,0.01827860683979997,"United States of America and Puerto Rico, Wake Island, Guam and Northern Mariana Islands, Howland and Baker Islands, Aleutian Islands"
USA,incomplete_sov,USA,United States of America,WYO,Wyoming,253507.813624544,253507.813624544,9448913.931608755,9449399.34709206,0.026827928878099327,0.02682930709914745,"United States of America and Puerto Rico, Wake Island, Guam and Northern Mariana Islands, Howland and Baker Islands, Aleutian Islands"
USA,incomplete_sov,USA,United States of America,SDA,South Dakota,198703.109166076,198703.109166076,9448913.931608755,9449399.34709206,0.02102812061035652,0.021029200880047085,"United States of America and Puerto Rico, Wake Island, Guam and Northern Mariana Islands, Howland and Baker Islands, Aleutian Islands"
USA,incomplete_sov,USA,United States of America,ALU,Aleutian Is.,12624.0469048593,10878.5088287606,9448913.931608755,9449399.34709206,0.0011512381294487603,0.0011512972715699659,"United States of America and Puerto Rico, Wake Island, Guam and Northern Mariana Islands, Howland and Baker Islands, Aleutian Islands"
USA,incomplete_sov,USA,United States of America,MNT,Montana,381003.238806321,380313.08183362,9448913.931608755,9449399.34709206,0.04024732873107504,0.040249396341878685,"United States of America and Puerto Rico, Wake Island, Guam and Northern Mariana Islands, Howland and Baker Islands, Aleutian Islands"
USA,incomplete_sov,USA,United States of America,ORE,Oregon,251328.526944673,251164.976421815,9448913.931608755,9449399.34709206,0.026579993838349948,0.026581359322325006,"United States of America and Puerto Rico, Wake Island, Guam and Northern Mariana Islands, Howland and Baker Islands, Aleutian Islands"
USA,incomplete_sov,USA,United States of America,MRN,Marianas,1192.5899059444,1069.2423804601,9448913.931608755,9449399.34709206,1.1315453408042773e-4,1.1316034712552968e-4,"United States of America and Puerto Rico, Wake Island, Guam and Northern Mariana Islands, Howland and Baker Islands, Aleutian Islands"
USA,incomplete_sov,USA,United States of America,NCA,North Carolina,128224.781766061,127291.488252554,9448913.931608755,9449399.34709206,0.013470854979975678,0.013471547013115991,"United States of America and Puerto Rico, Wake Island, Guam and Northern Mariana Islands, Howland and Baker Islands, Aleutian Islands"
USA,incomplete_sov,USA,United States of America,KAN,Kansas,211979.736486259,211979.736486259,9448913.931608755,9449399.34709206,0.022433144023222305,0.0224342964726495,"United States of America and Puerto Rico, Wake Island, Guam and Northern Mariana Islands, Howland and Baker Islands, Aleutian Islands"
USA,incomplete_sov,USA,United States of America,TEN,Tennessee,108939.206461966,108939.206461966,9448913.931608755,9449399.34709206,0.01152869113267932,0.011529283391770529,"United States of America and Puerto Rico, Wake Island, Guam and Northern Mariana Islands, Howland and Baker Islands, Aleutian Islands"
USA,incomplete_sov,USA,United States of America,RHO,Rhode I.,2727.3632859157,2649.529678761,9448913.931608755,9449399.34709206,2.803913329767739e-4,2.804057374147227e-4,"United States of America and Puerto Rico, Wake Island, Guam and Northern Mariana Islands, Howland and Baker Islands, Aleutian Islands"
USA,incomplete_sov,USA,United States of America,HAW,Hawaii,16871.4866987905,16237.9196707419,9448913.931608755,9449399.34709206,0.00171840760182698,0.0017184958809310755,"United States of America and Puerto Rico, Wake Island, Guam and Northern Mariana Islands, Howland and Baker Islands, Aleutian Islands"
USA,incomplete_sov,USA,United States of America,MIC,Michigan,250782.277303733,249939.775757011,9448913.931608755,9449399.34709206,0.02645033473306713,0.026451693556113987,"United States of America and Puerto Rico, Wake Island, Guam and Northern Mariana Islands, Howland and Baker Islands, Aleutian Islands"
USA,incomplete_sov,USA,United States of America,IDA,Idaho,216274.121786762,216210.734849102,9448913.931608755,9449399.34709206,0.022880897177410358,0.02288207262909107,"United States of America and Puerto Rico, Wake Island, Guam and Northern Mariana Islands, Howland and Baker Islands, Aleutian Islands"
USA,incomplete_sov,USA,United States of America,ARI,Arizona,294313.073998576,294313.073998576,9448913.931608755,9449399.34709206,0.03114622032448521,0.031147820387487302,"United States of America and Puerto Rico, Wake Island, Guam and Northern Mariana Islands, Howland and Baker Islands, Aleutian Islands"
USA,incomplete_sov,USA,United States of America,ASK,Alaska,1497896.49210453,1485257.52470513,9448913.931608755,9449399.34709206,0.15718009898292637,0.15718817373673047,"United States of America and Puerto Rico, Wake Island, Guam and Northern Mariana Islands, Howland and Baker Islands, Aleutian Islands"
USA,incomplete_sov,USA,United States of America,ILL,Illinois,150177.095455795,150177.095455795,9448913.931608755,9449399.34709206,0.015892766295458792,0.015893582748533527,"United States of America and Puerto Rico, Wake Island, Guam and Northern Mariana Islands, Howland and Baker Islands, Aleutian Islands"
USA,incomplete_sov,USA,United States of America,WDC,District of Columbia,160.0197022469,160.0197022469,9448913.931608755,9449399.34709206,1.6934378193693777e-5,1.6935248157102787e-5,"United States of America and Puerto Rico, Wake Island, Guam and Northern Mariana Islands, Howland and Baker Islands, Aleutian Islands"
USA,incomplete_sov,USA,United States of America,HBI,Howland-Baker Is.,4.9192451088,0.6684731082,9448913.931608755,9449399.34709206,7.074239151568026e-8,7.074602573781589e-8,"United States of America and Puerto Rico, Wake Island, Guam and Northern Mariana Islands, Howland and Baker Islands, Aleutian Islands"
USA,incomplete_sov,USA,United States of America,ARK,Arkansas,137545.257303123,137545.257303123,9448913.931608755,9449399.34709206,0.014555978877689292,0.014556726656489377,"United States of America and Puerto Rico, Wake Island, Guam and Northern Mariana Islands, Howland and Baker Islands, Aleutian Islands"
USA,incomplete_sov,USA,United States of America,SCA,South Carolina,80532.0367809304,80240.1555402509,9448913.931608755,9449399.34709206,0.008491561483740641,0.008491997717518563,"United States of America and Puerto Rico, Wake Island, Guam and Northern Mariana Islands, Howland and Baker Islands, Aleutian Islands"
USA,incomplete_sov,USA,United States of America,WVA,West Virginia,62522.6660786195,62522.6660786195,9448913.931608755,9449399.34709206,0.0066165756977833836,0.006616915608625351,"United States of America and Puerto Rico, Wake Island, Guam and Northern Mariana Islands, Howland and Baker Islands, Aleutian Islands"
USA,incomplete_sov,USA,United States of America,WAK,Wake I.,19.5332811816,2.9830591548,9448913.931608755,9449399.34709206,3.156877009032326e-7,3.1570391860814734e-7,"United States of America and Puerto Rico, Wake Island, Guam and Northern Mariana Islands, Howland and Baker Islands, Aleutian Islands"
USA,incomplete_sov,USA,United States of America,FLA,Florida,146585.046451249,145242.409112164,9448913.931608755,9449399.34709206,0.015370544071339372,0.01537133369648921,"United States of America and Puerto Rico, Wake Island, Guam and Northern Mariana Islands, Howland and Baker Islands, Aleutian Islands"
USA,incomplete_sov,USA,United States of America,MAS,Massachusetts,21054.9453535815,20754.3357519734,9448913.931608755,9449399.34709206,0.0021963656090331603,0.002196478442093271,"United States of America and Puerto Rico, Wake Island, Guam and Northern Mariana Islands, Howland and Baker Islands, Aleutian Islands"
USA,incomplete_sov,USA,United States of America,INI,Indiana,94753.9265911138,94753.9265911138,9448913.931608755,9449399.34709206,0.01002750789871879,0.010028023038091234,"United States of America and Puerto Rico, Wake Island, Guam and Northern Mariana Islands, Howland and Baker Islands, Aleutian Islands"
USA,incomplete_sov,USA,United States of America,WIS,Wisconsin,169707.123727506,169707.123727506,9448913.931608755,9449399.34709206,0.017959567322099825,0.017960489952162362,"United States of America and Puerto Rico, Wake Island, Guam and Northern Mariana Islands, Howland and Baker Islands, Aleutian Islands"
USA,incomplete_sov,USA,United States of America,VER,Vermont,24701.9591162961,24554.9518289761,9448913.931608755,9449399.34709206,0.002598572769234543,0.0025987062647310427,"United States of America and Puerto Rico, Wake Island, Guam and Northern Mariana Islands, Howland and Baker Islands, Aleutian Islands"
USA,incomplete_sov,USA,United States of America,MSI,Mississippi,124047.887355717,123880.34386352,9448913.931608755,9449399.34709206,0.01310986437478089,0.013110537862887312,"United States of America and Puerto Rico, Wake Island, Guam and Northern Mariana Islands, Howland and Baker Islands, Aleutian Islands"
UZB,incomplete_sov,UZB,Uzbekistan,UZB,Uzbekistan,446706.709981662,442841.457276173,442841.457276173,443638.4699492276,0.9982034635699069,1,Uzbekistan
VEN,incomplete_sov,VEN,Venezuela,VNA,Venezuelan Antilles,1401.4072864232,1298.5347449273,908129.3461051873,908129.6219940928,0.0014299002185128,0.001429900652915243,Venezuela
VEN,incomplete_sov,VEN,Venezuela,VEN,Venezuela,910220.43394774,906830.81136026,908129.3461051873,908129.6219940928,0.9985697959824492,0.9985700993470847,Venezuela
VNM,entire_sov,VNM,Vietnam,VIE,Vietnam,325522.23872308,321594.856963097,321594.856963097,321594.856963097,1,1,Vietnam
VUT,entire_sov,VUT,Vanuatu,VAN,Vanuatu,12697.7035698013,11754.8917847352,11754.8917847352,11754.8917847352,1,1,Vanuatu
WHM,multi_sov,PAK,Pakistan,WHM,West Himalaya,293725.704231935,77559.9889264431,291114.6941529896,868859.0782533402,0.08926647700149633,0.26642416368609334,West Himalaya
WHM,multi_sov,IND,India,WHM,West Himalaya,293725.704231935,211486.754562968,291114.6941529896,3140876.654877194,0.06733367075544613,0.726472276428016,West Himalaya
WHM,multi_sov,KAS,Kashmir,WHM,West Himalaya,293725.704231935,2067.9506635785,291114.6941529896,2067.9506635785,1,0.007103559885890643,West Himalaya
WIN,multi_sov,VCT,Saint Vincent and the Grenadines,WIN,Windward Is.,3803.3111941901,351.0048909502,3465.9246346133,351.0048909502,1,0.10127308812338393,Windward Islands and Barbados
WIN,multi_sov,GRD,Grenada,WIN,Windward Is.,3803.3111941901,343.9865688954,3465.9246346133,343.9865688954,1,0.0992481387102577,Windward Islands and Barbados
WIN,multi_sov,DMA,Dominica,WIN,Windward Is.,3803.3111941901,714.3681899109,3465.9246346133,714.3681899109,1,0.20611186486188654,Windward Islands and Barbados
WIN,multi_sov,BRB,Barbados,WIN,Windward Is.,3803.3111941901,432.3574577318,3465.9246346133,432.3574577318,1,0.12474519884649454,Windward Islands and Barbados
WIN,multi_sov,FRA,France,WIN,Windward Is.,3803.3111941901,1026.7981146852,3465.9246346133,661251.5888740879,0.0015528100528779487,0.2962551765929446,Windward Islands and Barbados
WIN,multi_sov,LCA,Saint Lucia,WIN,Windward Is.,3803.3111941901,597.4094124398,3465.9246346133,597.4094124398,1,0.17236653286503276,Windward Islands and Barbados
WSA,multi_sov,MAR,Morocco,WSA,Western Sahara,269093.842971255,177835.698110583,267853.3579212879,580013.8706206491,0.30660594016534176,0.6639293212177773,Western Sahara
WSA,multi_sov,ESH,Western Sahara,WSA,Western Sahara,269093.842971255,90017.6598107049,267853.3579212879,90017.6598107049,1,0.33607067878222285,Western Sahara
YEM,entire_sov,YEM,Yemen,SOC,Socotra,3904.0105014316,3687.7108880249,421716.0337199949,421716.0337199949,0.0087445356428478,0.0087445356428478,Yemen
YEM,entire_sov,YEM,Yemen,YEM,Yemen,420081.968512301,418028.32283197,421716.0337199949,421716.0337199949,0.9912554643571523,0.9912554643571523,Yemen
YUG,multi_sov,HRV,Croatia,YUG,Yugoslavia,255539.203555744,54530.2791068915,253091.28325003982,54530.2791068915,1,0.21545696243129275,"Bosnia and Herzegovina, Croatia, Kosovo, Montenegro, North Macedonia, Serbia and Slovenia"
YUG,multi_sov,KOS,Kosovo,YUG,Yugoslavia,255539.203555744,10761.6897396298,253091.28325003982,10761.6897396298,1,0.04252098136859918,"Bosnia and Herzegovina, Croatia, Kosovo, Montenegro, North Macedonia, Serbia and Slovenia"
YUG,multi_sov,SRB,Republic of Serbia,YUG,Yugoslavia,255539.203555744,77200.1328787271,253091.28325003982,77200.1328787271,1,0.30502880971391555,"Bosnia and Herzegovina, Croatia, Kosovo, Montenegro, North Macedonia, Serbia and Slovenia"
YUG,multi_sov,SVN,Slovenia,YUG,Yugoslavia,255539.203555744,20073.0302434943,253091.28325003982,20073.0302434943,1,0.07931142465962877,"Bosnia and Herzegovina, Croatia, Kosovo, Montenegro, North Macedonia, Serbia and Slovenia"
YUG,multi_sov,MKD,North Macedonia,YUG,Yugoslavia,255539.203555744,25108.5292605484,253091.28325003982,25108.5292605484,1,0.09920740429350385,"Bosnia and Herzegovina, Croatia, Kosovo, Montenegro, North Macedonia, Serbia and Slovenia"
YUG,multi_sov,MNE,Montenegro,YUG,Yugoslavia,255539.203555744,13595.9196395634,253091.28325003982,13595.9196395634,1,0.053719430653529875,"Bosnia and Herzegovina, Croatia, Kosovo, Montenegro, North Macedonia, Serbia and Slovenia"
YUG,multi_sov,BIH,Bosnia and Herzegovina,YUG,Yugoslavia,255539.203555744,51821.7023811853,253091.28325003982,51821.7023811853,1,0.20475498687952995,"Bosnia and Herzegovina, Croatia, Kosovo, Montenegro, North Macedonia, Serbia and Slovenia"
ZAF,entire_sov,ZAF,South Africa,MPE,Marion-Prince Edward Is.,338.0469706553,316.1579742978,1216804.6743537886,1216804.6743537886,2.5982639692414297e-4,2.5982639692414297e-4,South Africa
ZAF,entire_sov,ZAF,South Africa,CPP,Cape Provinces,661495.380245479,659904.980645225,1216804.6743537886,1216804.6743537886,0.5423261387417684,0.5423261387417684,South Africa
ZAF,entire_sov,ZAF,South Africa,TVL,Northern Provinces,335730.356838361,334290.777039286,1216804.6743537886,1216804.6743537886,0.2747283800638082,0.2747283800638082,South Africa
ZAF,entire_sov,ZAF,South Africa,OFS,Free State,129989.743450318,129779.674746333,1216804.6743537886,1216804.6743537886,0.1066561277102715,0.1066561277102715,South Africa
ZAF,entire_sov,ZAF,South Africa,NAT,KwaZulu-Natal,92727.6935288395,92513.0839486467,1216804.6743537886,1216804.6743537886,0.07602952708722774,0.07602952708722774,South Africa
ZMB,entire_sov,ZMB,Zambia,ZAM,Zambia,751904.02547589,748395.337721349,748395.337721349,748395.337721349,1,1,Zambia
ZWE,entire_sov,ZWE,Zimbabwe,ZIM,Zimbabwe,389858.947387365,387777.975729816,387777.975729816,387777.975729816,1,1,Zimbabwe
